artId,namees,precio,bianhao,usercode,imageUrl
1000060403,TERMO 350ML 350ML,4.25,8434581011513,101151,https://img-eu-2.freex.es/img/729/1000060403/1024x1024/d52813050f12350a89c36dc08ddb3208
1000060404,TERMO 500ML 500ML,4.4,8434581011520,101152,https://img-eu-2.freex.es/img/729/1000060404/1024x1024/b4fbb49b1b2bb9972331bf277fd2aff7
1000060411,CUCHILLO DE CARNE 2PCS,1.88,8434581040599,104059,https://img-eu-2.freex.es/img/729/1000060411/1024x1024/67cfe7d8d3c0e4a1053bacdc7bdc4292
1000040917,ARTICULO,0,36,36,https://img-eu-2.freex.es/img/729/1000040917/1024x1024/d744e8621febfa10a6dbc2bf9cf911e9
1000052888,*Campana de cristal 10x15 cm,3.712,8435509176536,CM107653,https://img-eu-2.freex.es/img/729/1000052888/1024x1024/658185107c86b322341e818d4ea6f3c9
1000029381,FLY TRAP 4PC,0.49,8419859977975,97797,https://img-eu-2.freex.es/img/729/1000029381/1024x1024/6346caad35270be63d10f3d2496e943c
1000003648,BOMBA DE AGUA YC-005,1.72,8234567851542,Jan-41,https://img-eu-2.freex.es/img/729/1000003648/1024x1024/8b74084b901109801c5a0a9a4a13a3e4
1000044694,**BOMBA DE AGUA,2.85,8423050734008,73400,https://img-eu-2.freex.es/img/729/1000044694/1024x1024/87f6324238c53f2992a04c81cc66671b
1000056055,3G,0.35,,XY-20,https://img-eu-2.freex.es/img/729/1000056055/1024x1024/2f02b0faa0a9bb430aa2ff7202750306
1000056056,GREEN KILLER,0.35,,XY-5,https://img-eu-2.freex.es/img/729/1000056056/1024x1024/5a7678bbcfa275b2861809436486722b
1000060297,COLCHON INFLABLE CON FUNDA TERCIOPELO 2024,29.19,6926799216054,JL21470,https://img-eu-2.freex.es/img/729/1000060297/1024x1024/3ce5d23544c9efaa01d11c80daa788de
1000060298,FLOTADOR INFLABLE PARA BEBE 50CM 2024,7.74,6920388605830,JL32213,https://img-eu-2.freex.es/img/729/1000060298/1024x1024/0f5af80ff86521411520b4f6d4f2cbaf
1000060299,COLCHONETA HINCHABLE CON MALLA 2025 () 117*76*15CM,7.48,6942377600213,JL33209,https://img-eu-2.freex.es/img/729/1000060299/1024x1024/c5c393d6e3829e4b39a5bf7aac4d0030
1000060431,COLCHONETA INFLABLE () 2024,6.39,6920388697347,JL33153,https://img-eu-2.freex.es/img/729/1000060431/1024x1024/0604059dba47dc1d7c0d8214a6ca04f5
1000060300,FLOTADOR INFLABLE 2024,2.69,6920388600088,JL35187,https://img-eu-2.freex.es/img/729/1000060300/1024x1024/e137dcd0f6a8a1876ba766d3150870d0
1000060301,FLOTADOR INFLABLE 90CM 2024,2.89,6920388614498,JL35277,https://img-eu-2.freex.es/img/729/1000060301/1024x1024/30fa76c30bd4efa04d9e34fd76208a53
1000060302,FLOTADOR INFLABLE PARA BEBE 73*70CM () 2024,8.68,6920388645270,JL37492,https://img-eu-2.freex.es/img/729/1000060302/1024x1024/a06e283e1b3da63dc2b44b3f1c3b7e9e
1000060303,FLOTADOR 2025 100CM 2,6.09,6920388661966,JL37598,https://img-eu-2.freex.es/img/729/1000060303/1024x1024/5e8a9efe9bc07446dbc76cfcc7ad1a85
1000060304,FLOTADOR INFLABLE 90CM 2024,2.79,6920388662154,JL37605,https://img-eu-2.freex.es/img/729/1000060304/1024x1024/94ec93dc84e3277edd2fe7a3f73cf666
1000060305,FLOTADOR SOFA INFLABLE PARA AGUA 107*95*23CM () 2024,6.83,6920388662178,JL37606,https://img-eu-2.freex.es/img/729/1000060305/1024x1024/ec84f6e130e2b221265e51d9a2fed95e
1000060306,PELOTA HINCHABLE 2025 // 40CM 3,1.16,6926799211738,JL66018,https://img-eu-2.freex.es/img/729/1000060306/1024x1024/3c55bcb0465511c8aaef1caefb8ab5ec
1000060307,GAFAS DE NADAR PARA ADULTO 2800,2.35,8420230600085,XW0008,https://img-eu-2.freex.es/img/729/1000060307/1024x1024/a7ab935aacf88b65d8632b3c342f4dc7
1000060308,JUGUETE DE PLAYA SET DE ARENA HY-1903W49CM2,2.39,8420230606735,XW0673,https://img-eu-2.freex.es/img/729/1000060308/1024x1024/8d371c3df1b090fee2154f2001406cb4
1000054458,JUGUETE DE PLAYA PALA DE ARENA HC056A(6003),1.24,8420230610800,XW1080,https://img-eu-2.freex.es/img/729/1000054458/1024x1024/98bbb736f881919336a699e1990933bc
1000054459,JUGUETE DE PLAYA PALA DE ARENA HC303A(6005),1.62,8420230610824,XW1082,https://img-eu-2.freex.es/img/729/1000054459/1024x1024/646daf5e6d1ba459a62995787d9514cc
1000054322,JUGUETE DE PLAYA SET DE ARENA CON CAMION AZUL/ ROSA 733-335/,3.34,8435752112077,XY11207,https://img-eu-2.freex.es/img/729/1000054322/1024x1024/360cc53451810b3959420c1a58076580
1000060309,VISERA DE PLAYA -4693511),2.28,8420230600900,XY0090,https://img-eu-2.freex.es/img/729/1000060309/1024x1024/dca48f28a8eaabff6d6f76166e149e72
1000060310,SOMBRERO PESCADOR DE TELA DOBLE CAPA MILITAR (691878),1.29,8420230602140,XY0214,https://img-eu-2.freex.es/img/729/1000060310/1024x1024/dcbc64fcaee29074b8d3c5b6fc99a871
1000060311,VISERA DE PLAYA 3,3.38,8435752116051,XY11605,https://img-eu-2.freex.es/img/729/1000060311/1024x1024/6c76f8ce382a530bf14df8983dfd4521
1000060312,VISERA DE PLAYA 3,3.88,8435752116068,XY11606,https://img-eu-2.freex.es/img/729/1000060312/1024x1024/611e161b8bbaa7fd2a1bff6b5f5a897f
1000060313,PARASOL COCHE 50*125CM 50*125CM,2.99,8435752116556,XY11655,https://img-eu-2.freex.es/img/729/1000060313/1024x1024/26a6c1ec76efd097a048f0fe7cb5888f
1000060314,PARASOL COCHE 58*125CM 58*125CM,3.39,8435752116563,XY11656,https://img-eu-2.freex.es/img/729/1000060314/1024x1024/558d0b35df3057809f7b252c3216601b
1000060315,PARASOL COCHE 68*125CM 68*125CM,3.59,8435752116570,XY11657,https://img-eu-2.freex.es/img/729/1000060315/1024x1024/72e73937fa333297906746e52cae4ba4
1000060316,PELOTA DE VOLEIBOL PVCVOLLEYBALL 5# 2,2.95,8435752116631,XY11663,https://img-eu-2.freex.es/img/729/1000060316/1024x1024/a6872400f8fa73da6e5aa2bef7f05362
1000060317,PELOTA DE VOLEIBOL PVCJEL ONG 5# 2,4.49,8435752116648,XY11664,https://img-eu-2.freex.es/img/729/1000060317/1024x1024/e1f04f500d44268bf72992964849d1ad
1000060318,PELOTA DE VOLEIBOL PVCJEL ONG 5# 2,4.49,8435752116655,XY11665,https://img-eu-2.freex.es/img/729/1000060318/1024x1024/f80d66d1ac7de4fa14b0b1c3ecef6e5a
1000060319,GORRA AZUL MARINO 26*7*11.5CM,1.49,8435752117959,XY11795,https://img-eu-2.freex.es/img/729/1000060319/1024x1024/940bd2c364e19dc118404fae6618816f
1000060320,GORRA NEGRO 26*7*11.5CM,1.49,8435752118031,XY11803,https://img-eu-2.freex.es/img/729/1000060320/1024x1024/2b2f6c3978a6be75e47b68293f87896e
1000060321,GORRA NEGRA 27*7*11.5CM,1.49,8435752118253,XY11825,https://img-eu-2.freex.es/img/729/1000060321/1024x1024/e03a913ec984cb9567be6d2f3fbe966b
1000060322,MOCHILA SACO 33*41CM ROJA 33*41CM,0.89,8435752118819,XY11881,https://img-eu-2.freex.es/img/729/1000060322/1024x1024/de2925c34527c03b9f1ca43ce2cb9e79
1000060323,MOCHILA SACO 33*41CM NEGRA 33*41CM,0.89,8435752118826,XY11882,https://img-eu-2.freex.es/img/729/1000060323/1024x1024/a5ac3cb6a4d8bf7dd769396a79b2f7a1
1000060324,MOCHILA SACO 33*41CM AZUL 33*41CM,0.89,8435752118833,XY11883,https://img-eu-2.freex.es/img/729/1000060324/1024x1024/698c508d01758b8e8ab029a489d11c17
1000060325,BOLSA ISOTRMICA 3.5L 061-1 3.5L,1.35,8435752118857,XY11885,https://img-eu-2.freex.es/img/729/1000060325/1024x1024/4fe3b604e9d7e88f283defc7611c3abd
1000060326,BOLSA ISOTRMICA 10L 061-2 10L,2.79,8435752118864,XY11886,https://img-eu-2.freex.es/img/729/1000060326/1024x1024/2402cad93616af19c25ec72343d3d971
1000060327,BOLSA ISOTRMICA 35L 061-6 35L,5.38,8435752118901,XY11890,https://img-eu-2.freex.es/img/729/1000060327/1024x1024/f713ab75ae6048cbbbb5853d59e69362
1000060271,*MF 200ML NARANJA,1.39,8435286879330,M104,https://img-eu-2.freex.es/img/729/1000060271/1024x1024/6899d45c27faa98157dfc36e2e352c15
1000060272,*MF 200ML PLATA,1.39,8435286879521,M123,https://img-eu-2.freex.es/img/729/1000060272/1024x1024/5e54284bd8ba823ac161a351d83bed94
1000060273,*MF 200ML CROMO PLATA,1.39,8435286879538,M124,https://img-eu-2.freex.es/img/729/1000060273/1024x1024/f5e2d68990388e549a4f827c938e5c2d
1000060274,*MF 200ML ORO 18K,1.39,8435286879545,M125,https://img-eu-2.freex.es/img/729/1000060274/1024x1024/f560b9e7419f420747fb7758f6e01718
1000060275,*MF 200ML DORADO,1.39,8435286879552,M126,https://img-eu-2.freex.es/img/729/1000060275/1024x1024/163b99132f5428f7b28005ce3bff4bba
1000060276,*MF 200ML BLANCO BRILLO,1.39,8435286879583,M129,https://img-eu-2.freex.es/img/729/1000060276/1024x1024/b97a9873e17407252ab322c29f8d81e8
1000060277,*MF 200ML NEGRO BRILLO,1.39,8435286879590,M130,https://img-eu-2.freex.es/img/729/1000060277/1024x1024/4b1188b87c24eba6794ee27e657a7460
1000060278,*MF 200ML BLANCO SATINADO,1.39,8435286879606,M131,https://img-eu-2.freex.es/img/729/1000060278/1024x1024/1f6bdaa7384977c92d9a9e2be83cb92b
1000060279,*MF 200ML BLANCO MATE,1.39,8435286879644,M135,https://img-eu-2.freex.es/img/729/1000060279/1024x1024/e5d26c62ae849bb7e7a1412c395556fb
1000060280,*MF 200ML NEGRO MATE,1.39,8435286879651,M136,https://img-eu-2.freex.es/img/729/1000060280/1024x1024/542699102e21c90a886900cb33b55bbc
1000060281,*MF 200ML ROJO VIVO MATE,1.39,8435286879668,M137,https://img-eu-2.freex.es/img/729/1000060281/1024x1024/36a4d788d68e8c2be1f5e014a986d899
1000060282,*MF ACEITE MULTIUSOS,2.29,8435286882712,M304,https://img-eu-2.freex.es/img/729/1000060282/1024x1024/21d575344b406ab44337c84b42a69941
1000060283,*MF ACEITE TODO EN UNO,1.39,8435286882729,M305,https://img-eu-2.freex.es/img/729/1000060283/1024x1024/777bc56463c720215b3dacf04a12e5cc
1000060284,*MF ACEITE AFLOJA TODOS,1.39,8435286882736,M306,https://img-eu-2.freex.es/img/729/1000060284/1024x1024/40659048e78731364f1e918c9e9620ae
1000060285,*MF GRASA BLANCA,1.89,8435286882750,M308,https://img-eu-2.freex.es/img/729/1000060285/1024x1024/2d0ef6ad13c2af128edc191cbaadcd68
1000060287,*MF SPRAY LUBRICANTE DE,2.29,8435286882798,M312,https://img-eu-2.freex.es/img/729/1000060287/1024x1024/c4e3e8b1dbb1c04be29cf899d16a8733
1000060288,*ESPUMA POLIURETANO 750ML,3.59,8435286869454,P003-2,https://img-eu-2.freex.es/img/729/1000060288/1024x1024/82531895ed9e58c61e0e529283c52604
1000060214,ROSA ARTIFICIAL 50CM ML168 50CM,0.6,8425030741570,74157,https://img-eu-2.freex.es/img/729/1000060214/1024x1024/268c2ec1cb5fa7d6b707348d96ee73d2
1000060215,ROSA ARTIFICIAL 50CM ML168 50CM,0.6,8425030741587,74158,https://img-eu-2.freex.es/img/729/1000060215/1024x1024/cbd28316bf67cb5f193ca7b502a1ba09
1000060216,ROSA ARTIFICIAL 55CM ML172 55CM3,0.94,8425030741594,74159,https://img-eu-2.freex.es/img/729/1000060216/1024x1024/5533b73097932046c8e1393835ec8f56
1000060217,ROSA ARTIFICIAL 55CM ML172 55CM3,0.94,8425030741600,74160,https://img-eu-2.freex.es/img/729/1000060217/1024x1024/36f26ed374fe055270d0acfa078eefb4
1000060220,ELASTICA MANUALIDAD 550pcs,0.89,6926393343040,ME174-1,https://img-eu-2.freex.es/img/729/1000060220/1024x1024/5a8625bdc04fc90d6f5da39e9f465dd0
1000060221,ELASTICA MANUALIDAD 101400pcs,2.384,6926393343132,ME174-10,https://img-eu-2.freex.es/img/729/1000060221/1024x1024/b8984a634298377443fb37d66dc8a4a2
1000060222,ELASTICA MANUALIDAD 9000pcs,9.463,6926393343149,ME174-11,https://img-eu-2.freex.es/img/729/1000060222/1024x1024/d8d729e35b4229a03ac27de14cf37006
1000060223,ELASTICA MANUALIDAD 15500pcs,0.774,6926393343156,ME174-12,https://img-eu-2.freex.es/img/729/1000060223/1024x1024/f622558c83ebc7ba85ee8c2fad33c7e5
1000060224,ELASTICA MANUALIDAD 650pcs,1.071,6926393343163,ME174-13,https://img-eu-2.freex.es/img/729/1000060224/1024x1024/ed65a5e2c4d86d74df9b369d341909d0
1000060225,ELASTICA MANUALIDAD 3500pcs,3.846,6926393343200,ME174-17,https://img-eu-2.freex.es/img/729/1000060225/1024x1024/5cec08a98f9d0ed9fb4f2c10f58ce23f
1000060226,ELASTICA MANUALIDAD 241400,1.73,6926393343224,ME174-19,https://img-eu-2.freex.es/img/729/1000060226/1024x1024/91c5efcb4a1df878b2750e3c8f951ad5
1000060227,ELASTICA MANUALIDAD 450pcs,0.838,6926393343057,ME174-2,https://img-eu-2.freex.es/img/729/1000060227/1024x1024/f74662799eae5380793c282a1456f03b
1000060228,ELASTICA MANUALIDAD 284200pcs,5.048,6926393343101,ME174-7,https://img-eu-2.freex.es/img/729/1000060228/1024x1024/092e78966b7ff173b9620f3d30de465b
1000060229,ELASTICA MANUALIDAD 4400pcs,5.433,6926393343118,ME174-8,https://img-eu-2.freex.es/img/729/1000060229/1024x1024/b37e36000ed1c01da72d4e816de63193
1000060230,ELASTICA MANUALIDAD 182400pcs,3.224,6926393343125,ME174-9,https://img-eu-2.freex.es/img/729/1000060230/1024x1024/4bc60a66ce28173337fd69cd6e2a6864
1000060231,cuerda de cera para pulsera 1.5mm*30m,0.961,6926393355418,ME276-1,https://img-eu-2.freex.es/img/729/1000060231/1024x1024/48ce486f1ea3965bcb4bb392da52796e
1000060232,cuerda de cera para pulsera 1.5mm*30m,0.961,6926393355425,ME276-2,https://img-eu-2.freex.es/img/729/1000060232/1024x1024/2b1154c2fdaa35a73644f5c3366cdd10
1000060233,cuerda de cera para pulsera 1.5mm*30m,0.961,6926393355432,ME276-3,https://img-eu-2.freex.es/img/729/1000060233/1024x1024/9d0410f6fd2be9deb8986b933e19fcf1
1000060195,*Cubo PP azul con asa hierro 8 litros,1.28,8435509130408,CM103040,https://img-eu-2.freex.es/img/729/1000060195/1024x1024/5b7a0fd8d4d1e9b67aecdc5ea515e97a
1000060196,*Florero cristal redondo 15 cm,2,8435509162294,CM106229,https://img-eu-2.freex.es/img/729/1000060196/1024x1024/91ffad31d0e3846f3a5d0a3c9074bdd9
1000060197,*Pack 3 bowl cristal 9 cm,1.152,8435509180090,CM108009,https://img-eu-2.freex.es/img/729/1000060197/1024x1024/9495cc193e1665e2741e4838619c979b
1000060198,"*Pack 3 bowl cristal 10,5 cm",1.36,8435509180106,CM108010,https://img-eu-2.freex.es/img/729/1000060198/1024x1024/c08fa41b71681c69291306a3b709ad36
1000060199,*Palo escoba/fregona decorado flores 130 cm,0.88,8435509186139,CM108613,https://img-eu-2.freex.es/img/729/1000060199/1024x1024/70e4b9bb55eace925d0eace99b6a872f
1000060200,*Botella plstico blanca medidora 1l. con pulverizador colores surtidos,1.04,8445255110852,CM111085,https://img-eu-2.freex.es/img/729/1000060200/1024x1024/00090b36206039da0976bebb1c0f451d
1000060201,*Botella plstico blanca con pulverizador 750 ml,1.088,8445255114799,CM111479,https://img-eu-2.freex.es/img/729/1000060201/1024x1024/bf672d42f0cb3a2c7c3e6d5bee52b7be
1000060202,"*Pack 3 bowl cristal 7,5 cm",0.8,8445255116687,CM111668,https://img-eu-2.freex.es/img/729/1000060202/1024x1024/175954efd2d78f9003d1206d188232d4
1000060203,*Pack 80 ganchos de pelo negro 6 cm,0.64,8445255182484,CM118786,https://img-eu-2.freex.es/img/729/1000060203/1024x1024/fdb503ac48c6a1cea77cb3fdd918a181
1000059300,*Pack 100 ganchos de pelo negro 5 cm,0.64,8445255182491,CM118787,https://img-eu-2.freex.es/img/729/1000059300/1024x1024/aed8589da45cb9d711f1a35e4afccbcd
1000060204,*Florero cristal cuadrado Cceres 15 cm,1.12,8445255185638,CM119333,https://img-eu-2.freex.es/img/729/1000060204/1024x1024/2abca0e017045f33b97aae12356b3e37
1000060205,*Florero cristal cuadrado Segovia 15 cm,1.12,8445255185645,CM119334,https://img-eu-2.freex.es/img/729/1000060205/1024x1024/1e1eebaabff5868d459cd0b6dac2beaa
1000060206,*Florero cristal cuadrado Zamora 15 cm,1.12,8445255185652,CM119335,https://img-eu-2.freex.es/img/729/1000060206/1024x1024/c1ba86e52648106b7ad6eb5461f2ca06
1000060207,*Florero cristal cuadrado Salamanca 15 cm,1.12,8445255185669,CM119337,https://img-eu-2.freex.es/img/729/1000060207/1024x1024/a5542bdeb519230f8f126bacadcaadec
1000060208,*Florero cristal Torino 18 cm,1.68,8445255185676,CM119339,https://img-eu-2.freex.es/img/729/1000060208/1024x1024/6b27410c14daf072b2d348a0fb38f893
1000060209,*Florero cristal Gnova 18 cm,1.68,8445255185683,CM119340,https://img-eu-2.freex.es/img/729/1000060209/1024x1024/3135cecc81ff3db9ff6b8c9f5937c9d7
1000060210,*Florero cristal Brgamo 18 cm,1.68,8445255185690,CM119341,https://img-eu-2.freex.es/img/729/1000060210/1024x1024/3088f5f9022e147ea36650ccadd18698
1000060211,*Florero cristal Parma 18 cm,1.68,8445255185706,CM119342,https://img-eu-2.freex.es/img/729/1000060211/1024x1024/92c6faa419929c5ac77940ebd9e679f0
1000060212,*Florero cristal Prato 18 cm,1.68,8445255185713,CM119343,https://img-eu-2.freex.es/img/729/1000060212/1024x1024/3b5623305e288fc16fd3dbd1abb64d92
1000059079,PEGATINA YWX10X20.4CM YWX 10X20.4CM,0.42,8425030742331,74233,https://img-eu-2.freex.es/img/729/1000059079/1024x1024/26c48a211d25ce5d7b91eb7c7c0066e4
1000059080,PEGATINA BC205mmX100m BC205mmX100m,0.42,8425030742348,74234,https://img-eu-2.freex.es/img/729/1000059080/1024x1024/81e67504740ba064133abdbde6e91c8a
1000016227,** LINTERNA**,1.8,8234567846098,Mar-71,https://img-eu-2.freex.es/img/729/1000016227/1024x1024/a0ad6738182b38ac34e100cd122a5945
1000027505,CAJA FUERTE XT300 30*24*9CM,8,8215032282795,9337-147,https://img-eu-2.freex.es/img/729/1000027505/1024x1024/05c8cc5aa4aec0ac5fed25866d499370
1000060113,CAJA DE CARTON 12,18.95,,CC-01228,https://img-eu-2.freex.es/img/729/1000060113/1024x1024/eb7292f204d61280de2491ef5657ba3e
1000060112,CAJA DE CARTON 12,18.95,,CC-01226,https://img-eu-2.freex.es/img/729/1000060112/1024x1024/0ff779372085753964c4f6190595a096
1000060132,BLISTER BANALES ACC 4PCS 23X18CM 4PC,0.99,8435752000183,XW00018,https://img-eu-2.freex.es/img/729/1000060132/1024x1024/ca5ca564c96e3f6e9c11160659e09242
1000060133,BLISTER BIBERON ACC4PCS 23X18CM 4PC,1.39,8435752000190,XW00019,https://img-eu-2.freex.es/img/729/1000060133/1024x1024/95269c10464d4c9e1b4aeff610b36203
1000060134,BLISTER BIBERON 21.5X12CM 1PC,0.89,8435752000206,XW00020,https://img-eu-2.freex.es/img/729/1000060134/1024x1024/a2ee23710bded60ce426a4bf69ec780b
1000060135,BLISTER SIRRENA 7PCS 22X15.5CM 7 7PC,0.99,8435752000220,XW00022,https://img-eu-2.freex.es/img/729/1000060135/1024x1024/bf5f9faa6c336451223ccbaaa197c907
1000060136,BLISTER MUNECA PON Y QUITA 5PCS 23.5X16.5CM 5PC,1.35,8435752000237,XW00023,https://img-eu-2.freex.es/img/729/1000060136/1024x1024/673168ad13d29cb7b9a5834a7df2250c
1000060137,BLISTER MUNECA ACC 6PCS 29X19CM 6PC,1.35,8435752000244,XW00024,https://img-eu-2.freex.es/img/729/1000060137/1024x1024/da431716d0797b7ea76de95a52a71783
1000060138,BLISTER SIRRENA 11PCS 33.5X20CM 8 11PC 3,1.35,8435752000251,XW00025,https://img-eu-2.freex.es/img/729/1000060138/1024x1024/5655a98baaf8432bad9f7691c0ce2530
1000060139,BLISTER DE BELLEZA 6PCS 29.5X21CM 6PC A/B,1.25,8435752000268,XW00026,https://img-eu-2.freex.es/img/729/1000060139/1024x1024/1ec395510f97ae190c71650014c03efb
1000060140,BLISTER BELLEZA 6PCS 29.5X21CM 6PC A/B,1.25,8435752000275,XW00027,https://img-eu-2.freex.es/img/729/1000060140/1024x1024/ef354ce37a1abc81a2284da9d423362c
1000060141,BLISTER BELLEZA 8PCS 35X19.5CM 8PC 2,1.25,8435752000305,XW00030,https://img-eu-2.freex.es/img/729/1000060141/1024x1024/f13b49397280045c77ce1bc5709a3395
1000060142,BLISTER BELLEZA 8PCS 35X19.5CM 7PC/8PC 2,1.25,8435752000312,XW00031,https://img-eu-2.freex.es/img/729/1000060142/1024x1024/926175ab5f6fe7b681ce6c4e4354dfb9
1000060143,BLISTER CAMPING 14PCS 34.5X20.5CM 14PC,1.39,8435752000336,XW00033,https://img-eu-2.freex.es/img/729/1000060143/1024x1024/48b08b85581140d6b5f2b1be9442f554
1000060144,BLISTER DE PLAYA 10PCS 34.5X20.5CM 10PC,1.39,8435752000343,XW00034,https://img-eu-2.freex.es/img/729/1000060144/1024x1024/5ea511ab76d46e74fef99467d9106757
1000060145,BLISTER BARCO 14PCS 34.5X20.5CM 14PC,1.39,8435752000350,XW00035,https://img-eu-2.freex.es/img/729/1000060145/1024x1024/1bd7304eafdb88548d12f02dda93e5d8
1000060146,BLISTER BARRA MAGICA LUZ/SONIDO 26.5X12CM 2PC,1.69,8435752000404,XW00040-PP,https://img-eu-2.freex.es/img/729/1000060146/1024x1024/5ba6517befe09e0243dc3696c85aa4fa
1000060147,BLISTER BARRA MAGICA LUZ 38X15.5CM 1PC 2,1.99,8435752000411,XW00041-PP,https://img-eu-2.freex.es/img/729/1000060147/1024x1024/86b698a16953acf17efe07a80ad6809e
1000060148,BLISTER BARRA MAGICA LUZ 38X15.5CM 1PC 2,1.99,8435752000428,XW00042-PP,https://img-eu-2.freex.es/img/729/1000060148/1024x1024/9eaef27cc7326ed23704e5c0d61b40d3
1000060001,EXP BISUTERIA FORMA BOLSO 16.5X14CM A097-E -DIY12pcs/ 12PC,1.75,8435752000534,XW00053,https://img-eu-2.freex.es/img/729/1000060001/1024x1024/d1a736be4d1605e11ead5e5216bae198
1000060149,BLISTER BOLSO ACC 4PCS 27X18.5CM 2 4PC,1.75,8435752000602,XW00060,https://img-eu-2.freex.es/img/729/1000060149/1024x1024/8c6068de81fdc6cd699212f91aea1ead
1000060150,BLISTER COCINA ACC 10PCS 32X20.5CM DIY 10PC,1.39,8435752000619,XW00061,https://img-eu-2.freex.es/img/729/1000060150/1024x1024/90b4590972d86e1dfa6bcd006116b59c
1000060151,BLISTER HELADOS 11PCS 30X20CM 11PC,1.39,8435752000626,XW00062,https://img-eu-2.freex.es/img/729/1000060151/1024x1024/bd6345b32a80cdd00661fcd43df0477a
1000060152,BLISTER HELADOS 10PCS 30X20CM 10PC,1.39,8435752000633,XW00063,https://img-eu-2.freex.es/img/729/1000060152/1024x1024/ba415435fac23f370e19160f04a52085
1000060153,BLISTER COCINA 7PCS 36X22CM 7PC,1.56,8435752000657,XW00065,https://img-eu-2.freex.es/img/729/1000060153/1024x1024/f78408cb8abd4e113e62f577c63fba8d
1000060154,BLISTER COCINA 8PCS 33X21CM 9PC,1.15,8435752000749,XW00074,https://img-eu-2.freex.es/img/729/1000060154/1024x1024/1d469b869ebbb459fa4459715adb61f6
1000060155,BLISTER COCINA 10PCS 33X19.5CM 10PC 2,1.15,8435752000756,XW00075,https://img-eu-2.freex.es/img/729/1000060155/1024x1024/67c27d3d66a5b845bbed0e9850fd200b
1000060156,BLISTER DOCTOR 7PCS 38X23CM 7PC 2,1.25,8435752000855,XW00085,https://img-eu-2.freex.es/img/729/1000060156/1024x1024/099ca99293a9e01bcbd81d8591e02531
1000060157,BLISTER DOCTOR 8PCS 38X21CM 8PC 2,1.35,8435752000862,XW00086,https://img-eu-2.freex.es/img/729/1000060157/1024x1024/cec5552ee8f0452f179d7aecfe134948
1000060158,BLISTER DOCTOR 8PCS 35X20CM 8PC/7PC,1.35,8435752000879,XW00087,https://img-eu-2.freex.es/img/729/1000060158/1024x1024/295b31af3528a006ce7352c82fa5acbd
1000060016,RED GOLF 55.5X13.5CM 924 10PC,1.99,8435752001821,XW00182,https://img-eu-2.freex.es/img/729/1000060016/1024x1024/ccc2393b38b1a7645a6d3622fe27b860
1000060159,CAJA COCHES METAL 10PCS 20X19CM 10PC 2,1.49,8435752000978,XW00097,https://img-eu-2.freex.es/img/729/1000060159/1024x1024/98d6d1099f01c22c50fd8e5875c95a24
1000060160,BLISTER 4 COMBATIENTE 37X14CM 4 4PC,1.49,8435752001043,XW00104,https://img-eu-2.freex.es/img/729/1000060160/1024x1024/f790696b744bd6864b5b89d4bdb6cbae
1000060161,BURBUJA VEHICULO TODOSTERRENO FRICCION 25X14X13.5CM 1PC,3.59,8435752001166,XW00116,https://img-eu-2.freex.es/img/729/1000060161/1024x1024/9fd13ae319c8f9b5465567a316dfabc7
1000060162,BURBUJA FORFULA 1 FRICCION 29X10X14CM F1 1PC,3.25,8435752001180,XW00118,https://img-eu-2.freex.es/img/729/1000060162/1024x1024/17fc5042c1baf969e29847416a1b7d67
1000060163,BURBUJA AUTO FRICCION 23.5X14X14CM 3 1PC,3.25,8435752001197,XW00119,https://img-eu-2.freex.es/img/729/1000060163/1024x1024/a57056863b6de6697f24e62fd6428156
1000060164,BLISTER ESPACIO 6PCS 23X17CM 6PC,1.49,8435752001258,XW00125,https://img-eu-2.freex.es/img/729/1000060164/1024x1024/a62a2e212a38c98181748648441cfe1f
1000060165,BLISTER ESPACIO 6PCS 23X17CM 6PC,1.49,8435752001265,XW00126,https://img-eu-2.freex.es/img/729/1000060165/1024x1024/87993c58ccb3313e08b2af7ef5c436ca
1000060166,BLISTER 4 COMBATIENTE 4 4PC,0.95,8435752001272,XW00127,https://img-eu-2.freex.es/img/729/1000060166/1024x1024/1b34c7132c5c385b42739aa3fa8cc069
1000060023,BLISTER PISTOLA BOLAS 28X15.2X4.5CM 6229A-3EVA3+3 8PC,1.39,8435752002521,XW00252,https://img-eu-2.freex.es/img/729/1000060023/1024x1024/1625c4a2581610c3348fa529221e4104
1000060024,"CAJA PISTOLA DE BARRA EVA 32X22X5CM JL-763 EVA, 1",4.45,8435752003016,XW00301,https://img-eu-2.freex.es/img/729/1000060024/1024x1024/6c5f3542abf4cfe672a88806a16c83c6
1000060167,BLISTER METRALLETA 37X15CM 1PC 2,1.49,8435752002842,XW00284,https://img-eu-2.freex.es/img/729/1000060167/1024x1024/82de018dd5ad43a5820d29f7e4db9c0a
1000060168,BLISTER METRALLETA 58X21CM 1PC 2,2.49,8435752002866,XW00286,https://img-eu-2.freex.es/img/729/1000060168/1024x1024/7ee3dbe512bcf846601fadf21305d5d6
1000060169,BLISTER METRALLETA 58X21CM 1PC 2,2.69,8435752002880,XW00288,https://img-eu-2.freex.es/img/729/1000060169/1024x1024/72df30bab011d1a03f07b192cda4b0b9
1000060170,BOLSA DINOSAURIO 5PCS 26X22CM 4 2,1.35,8435752003078,XW00307,https://img-eu-2.freex.es/img/729/1000060170/1024x1024/b43ad0823b0977895e04f6f711830884
1000060045,CANON 36X6.3CM DIBURON 1213A 3 24PC,1.39,8435752062143,XW06214,https://img-eu-2.freex.es/img/729/1000060045/1024x1024/328dbc48aa6d2d384661a2355ea9fd02
1000060046,CANON 36X6.3CM COCODRILO 1213B 3 24PC,1.39,8435752062150,XW06215,https://img-eu-2.freex.es/img/729/1000060046/1024x1024/942ca37c319761f114b0aecd7dabc14f
1000060047,CANON POMPERO UNICORNIO 36X6.3CM 1211C 3 24PC,1.39,8435752062181,XW06218,https://img-eu-2.freex.es/img/729/1000060047/1024x1024/c5e7600a75bc29e0ef1b596826107486
1000060038,POMPERO C/VENTILADOR UNICORNIO 22X11CM HL498-40 12PCS 3 12PC,1.39,8435752060828,XW06082,https://img-eu-2.freex.es/img/729/1000060038/1024x1024/97032f424d8351b84d1cd02583a3c695
1000060039,POMPERO C/VENTILADOR DINOSAURIO 21X10.5CM HL498-102Y 12PCS 3 12PC,1.39,8435752060835,XW06083,https://img-eu-2.freex.es/img/729/1000060039/1024x1024/7b29f951fc5f733a93410c6c9c8aac2c
1000060044,POMPERO C/VENTILADOR 18.8X9.5X6CM 1986-6512PC,1.39,8435752062051,XW06205,https://img-eu-2.freex.es/img/729/1000060044/1024x1024/1b718757216be2fb89028557961633ba
1000060171,PISTOLA DE AGUA PRESION 30X14 1PC 3,1.29,8435752060125,XW06012,https://img-eu-2.freex.es/img/729/1000060171/1024x1024/dc248e06ff26edab158a5e9345a46537
1000060172,PISTOLA DE AGUA PRESION 30X14CM 1PC 3,1.19,8435752060132,XW06013,https://img-eu-2.freex.es/img/729/1000060172/1024x1024/c34e0954c2c25a21b7961b61dde11cbf
1000060173,PISTOLA DE AGUA PRESION 31X14CM 1PC 3,1.32,8435752060149,XW06014,https://img-eu-2.freex.es/img/729/1000060173/1024x1024/083070047bc40e2ed7dfb06eab3d93bb
1000060174,PISTOLA DE AGUA PRESION 31.5X14CM 1PC 3,1.32,8435752060156,XW06015,https://img-eu-2.freex.es/img/729/1000060174/1024x1024/cfebfd50316de2f9bbe23f04a0ea2bee
1000060175,PISTOLA DE AGUA PRESION 31X14CM 1PC 3,1.39,8435752060163,XW06016,https://img-eu-2.freex.es/img/729/1000060175/1024x1024/fb9e5194205f651e1c8d3c7ec597431e
1000060176,PISTOLA DE AGUA PRESION 40X20CX8CM 1PC 2,2.79,8435752060248,XW06024,https://img-eu-2.freex.es/img/729/1000060176/1024x1024/cd1f4c1b3df1a5d0388c90970c1a09ec
1000060177,PISTOLA DE AGUA PRESION 41X16.5X8CM 1PC 3,2.79,8435752060262,XW06026,https://img-eu-2.freex.es/img/729/1000060177/1024x1024/75f792291149f9ee642b145e6041b2ef
1000060178,PISTOLA DE AGUA PRESION 58X20X8.5CM 2 1PC,4.39,8435752060323,XW06032,https://img-eu-2.freex.es/img/729/1000060178/1024x1024/36705222ade51c1f8a5ab917c85db2bf
1000060179,PISTOLA DE AGUA PRESION 65X25CM 2 1PC,4.79,8435752060330,XW06033,https://img-eu-2.freex.es/img/729/1000060179/1024x1024/99278d2c1d1715094ffc4da59f02c736
1000060180,VENTILADOR PORTATIL 1180 2 1PC,4.29,8435752060347,XW06034,https://img-eu-2.freex.es/img/729/1000060180/1024x1024/90facd6b7d87110483e7b682dd8ace9d
1000060181,PISTOLA DE AGUA PRESION 59X20X8.5CM 2 1PC,5.29,8435752060354,XW06035,https://img-eu-2.freex.es/img/729/1000060181/1024x1024/2ff1306ebf9a7fdf0be853a18d3a3254
1000060182,PISTOLA DE AGUA PRESION 57X22.5X7CM 4 1PC,6.37,8435752060361,XW06036,https://img-eu-2.freex.es/img/729/1000060182/1024x1024/46d04ade854713034f1e4b7c0e087058
1000060026,PISTOLA DE AGUA 40X18.5CM 9800 1PC 3,1.49,8435752060088,XW06008,https://img-eu-2.freex.es/img/729/1000060026/1024x1024/741aaf558d211e57ca6f5658db060df2
1000060027,PISTOLA DE AGUA PRESION 32X18.5X5CM 9855 1PC 3,1.49,8435752060217,XW06021,https://img-eu-2.freex.es/img/729/1000060027/1024x1024/1911e409c2183d09660fa6ea58e64d13
1000060028,PISTOLA DE AGUA PRESION 35X21X5CM 9855-3 1PC 2,1.75,8435752060224,XW06022,https://img-eu-2.freex.es/img/729/1000060028/1024x1024/3ac7aa0a6483bf7d2c9ba9e0856a24e0
1000060029,PISTOLA DE AGUA PRESION 48X24.5 9953 1PC 2,2.99,8435752060231,XW06023,https://img-eu-2.freex.es/img/729/1000060029/1024x1024/c0b725e8b4366abd3819e17f6137c3d1
1000060030,PISTOLA DE AGUA PRESION 48X24.5X8CM 7888 1PC 2,3.45,8435752060378,XW06037,https://img-eu-2.freex.es/img/729/1000060030/1024x1024/e99e662f53fbbd9a75779ae7a3550d2b
1000060031,PISTOLA DE AGUA PRESION 46X24.5X8CM 9952 1PC 2,3.45,8435752060385,XW06038,https://img-eu-2.freex.es/img/729/1000060031/1024x1024/a1cf3fcadc2ec4b8464a8483bcd3edd0
1000060032,PISTOLA DE AGUA PRESION 56X24.5X5CM 9958 4 1PC,3.45,8435752060408,XW06040,https://img-eu-2.freex.es/img/729/1000060032/1024x1024/67a6ad7a0e8fa1ab9ee54dd8d3400709
1000060033,PISTOLA DE AGUA PRESION 64X30X6CM 9855-2 2 1PC,3.45,8435752060415,XW06041,https://img-eu-2.freex.es/img/729/1000060033/1024x1024/f0175278683c1c28e7e246fad6603065
1000060034,PISTOLA DE AGUA PRESION 64X30X9CM 8866-1 1PC,4.45,8435752060422,XW06042,https://img-eu-2.freex.es/img/729/1000060034/1024x1024/3b0cf542ec6db209923a2780b4072657
1000060035,PISTOLA DE AGUA PRESION 61X30X10CM 9688 2 1PC,4.45,8435752060439,XW06043,https://img-eu-2.freex.es/img/729/1000060035/1024x1024/834d12861436e5f0ed8ff33f12ccb868
1000060036,PISTOLA DE AGUA PRESION 69X31.5X11CM 8855 2 1PC,6.45,8435752060446,XW06044,https://img-eu-2.freex.es/img/729/1000060036/1024x1024/fc73367466a34c11767fb80240dfb55b
1000060037,PISTOLA DE AGUA PRESION 69X31.5X10CM 7800-2 58CM2 1PC,6.45,8435752060453,XW06045,https://img-eu-2.freex.es/img/729/1000060037/1024x1024/137aaa9f6486eeffb93c5d4b8d51c403
1000060025,PISTOLA DE AGUA 40X18.5CM 9811 1PC 3,1.49,8435752060071,XW06007,https://img-eu-2.freex.es/img/729/1000060025/1024x1024/31a3169cee4c0cb27d7ae01acc6293ff
1000060183,BOLAS DE COLORES 7CM X50P 7CM 50PC,8.08,8435752061399,XW06139,https://img-eu-2.freex.es/img/729/1000060183/1024x1024/13e166937f641a98dd97b99288d391e2
1000060184,BOLAS DE COLORES 6CM X50P 6CM 50PC,6.79,8435752061412,XW06141,https://img-eu-2.freex.es/img/729/1000060184/1024x1024/a3ab748761179b77e2e61fe052451a76
1000060040,BOLAS DE COLORES 5.5CM X30P 55-30 5.5CM 30PC,2.75,8435752061382,XW06138,https://img-eu-2.freex.es/img/729/1000060040/1024x1024/0e34f12c003962acbed99333ac9d2dbe
1000060041,BOLAS DE COLORES 6.5CM X50P 65-50 6.5CM 50PC,6.45,8435752061405,XW06140,https://img-eu-2.freex.es/img/729/1000060041/1024x1024/d11b5838baf3ee43368bb01b29368bcf
1000060185,SET REGADERA ACC 3PCS 22X17X10CM 3pcs,1.69,8435752061528,XW06152,https://img-eu-2.freex.es/img/729/1000060185/1024x1024/6009f1d8bf35e6a1a450064f5927df33
1000060186,SET PLAYA TREN ACC 5PCS 29X14X8CM 5pcs,3.35,8435752061542,XW06154,https://img-eu-2.freex.es/img/729/1000060186/1024x1024/814826d01b50c76399df0fc71f5111b8
1000060187,SET PLAYA CAMION ACC 2 9PC,4.49,8435752061573,XW06157,https://img-eu-2.freex.es/img/729/1000060187/1024x1024/a41b6b4b554028fd39e273040690b1e4
1000060188,SET PLAYA CARETILLA ACC 4PCS 34X14X10CM 4pcs 3,2.39,8435752061597,XW06159,https://img-eu-2.freex.es/img/729/1000060188/1024x1024/6416dca7b86c7c157638dd32d92b319f
1000060189,SET PLAYA CARETILLA ACC 4PCS 29X13CM 4 PC,2.39,8435752061603,XW06160,https://img-eu-2.freex.es/img/729/1000060189/1024x1024/23bf6e7da407003296498fc57df67d67
1000060190,SET PLAYA CARETILLA ACC 7PCS 47X20X19CM 2 7PC,5.99,8435752061610,XW06161,https://img-eu-2.freex.es/img/729/1000060190/1024x1024/da19d86858660e5124abb9a61cb66150
1000060191,SET PLAYA MOLINO ACC 3PCS 19X13CM 3pcs,2.26,8435752061627,XW06162,https://img-eu-2.freex.es/img/729/1000060191/1024x1024/66a2b7c8ee687d76d0d7fbf14d28d679
1000060192,SET PLAYA MOLINO ACC 3PCS 21X12.5CM 3PC,2.79,8435752061634,XW06163,https://img-eu-2.freex.es/img/729/1000060192/1024x1024/ebf3f17c4dde505253b7ab716d8dccce
1000060193,SET PLAYA ACC 5PCS 39X16X16CM 5PC,3.39,8435752061672,XW06167,https://img-eu-2.freex.es/img/729/1000060193/1024x1024/2b6312c1b9e114819a5364e7d10b71c5
1000060194,SET PLAYA MOLINO ACC 3PCS 38X19.5X9.5CM 3PC,2.79,8435752061696,XW06169,https://img-eu-2.freex.es/img/729/1000060194/1024x1024/70daba3d23ca740847bd9dc034b13576
1000060111,ADORNO NAVIDAD DL-23079--30,0,8435752423234,Z42323,https://img-eu-2.freex.es/img/729/1000060111/1024x1024/1ebfd26166208824ddeed5172189fe89
1000060002,RED SARTEN ACC 6PCS 28X16X14CM SC92/93 6PC,1.39,8435752000800,XW00080,https://img-eu-2.freex.es/img/729/1000060002/1024x1024/407eec4598da17fec59b33a9a24c0f87
1000060003,RED SARTEN ACC 8PCS 30X19X3.5CM SC-8/SC-9 8PC,1.49,8435752000817,XW00081,https://img-eu-2.freex.es/img/729/1000060003/1024x1024/6f1e5feae0f153590d768e2bf60f9c60
1000060004,RED VERDURAS 9PCS 31X16X16CM 625 6PC,1.75,8435752000824,XW00082,https://img-eu-2.freex.es/img/729/1000060004/1024x1024/5c9e25cee95327e7924e63b3703b73fa
1000060005,RED FRUTAS 9PCS 31X16X16CM 635 5PC,1.75,8435752000831,XW00083,https://img-eu-2.freex.es/img/729/1000060005/1024x1024/82d023af27e15b00e2b518910b397278
1000060006,CAJA ROBOT TRANSFORMABLE L015-125 1PC 2,1.75,8435752001319,XW00131,https://img-eu-2.freex.es/img/729/1000060006/1024x1024/1ebefabad91f14c8ff96ad52da345ec5
1000060007,RED 3 PATOS 7.CM 14X12X10CM BLSW2207 7.2 3PC,1.669,8435752001449,XW00144,https://img-eu-2.freex.es/img/729/1000060007/1024x1024/f4509896a706963b389642203252622f
1000060008,BOLSA 4 PECES 22X17CM #9 4 4PC,1.562,8435752001517,XW00151,https://img-eu-2.freex.es/img/729/1000060008/1024x1024/cd452dbdba8ec6bb75d8c74ffc0792fc
1000060009,BOLSA 4 BARCOS 22X17CM #8-2 4 4PC,1.99,8435752001531,XW00153,https://img-eu-2.freex.es/img/729/1000060009/1024x1024/00edf6fc9649c9a529cf9fd3c212dfca
1000060010,BOLSA ANIMALES JARDIN 4PCS 22X17CM #7 4 4PC,1.99,8435752001555,XW00155,https://img-eu-2.freex.es/img/729/1000060010/1024x1024/f7b8f98ad72a4db36819d1bfa5b0b98b
1000060011,"BLISTER DE PESCA 5PCS 49X12.5CM 1013 , 5PC",1.391,8435752001562,XW00156,https://img-eu-2.freex.es/img/729/1000060011/1024x1024/b112899e83f003215941b58e8545e550
1000060012,"BLISTER DE PESCA 5PCS 49X12.5CM 1011 , 5PC",1.391,8435752001579,XW00157,https://img-eu-2.freex.es/img/729/1000060012/1024x1024/ff04465657b79c514a335446148d2bfa
1000060013,"BLISTER DE PESCA 5PCS 49X12.5CM 1010B 17, 5PC",1.391,8435752001586,XW00158,https://img-eu-2.freex.es/img/729/1000060013/1024x1024/6c046e638ea313a17ed8f5bd4b95e543
1000060014,BOLSA DE PESCA 8PCS 38X25X6CM SFY-C170 +8 8PC,2.45,8435752001661,XW00166,https://img-eu-2.freex.es/img/729/1000060014/1024x1024/2c1e35f8be4e254246d6a092fd687fd7
1000060015,BOLSA DE PESCA 10PCS 30X28.5X7CM SFY-C260 + 210 10PC,3.25,8435752001685,XW00168,https://img-eu-2.freex.es/img/729/1000060015/1024x1024/9cbb27da9bf41d34815512bf1c6ccf7c
1000060017,BLISTER MUNEROS MAGNETIOS 38X26CM QJ9928 20PC,1.49,8435752002231,XW00223,https://img-eu-2.freex.es/img/729/1000060017/1024x1024/4b552e18cb13f1cf3485273fa2781720
1000060018,BLISTER LETRAS MAGNETICAS 38X26CM QJ9926 26PC,1.49,8435752002248,XW00224,https://img-eu-2.freex.es/img/729/1000060018/1024x1024/d4b9772cf6615b28302eed548e8d9677
1000060019,CAJA LETRAS/MUNEROS 30.5X25X4CM QJ8834 26PC,4.45,8435752002255,XW00225,https://img-eu-2.freex.es/img/729/1000060019/1024x1024/8d158d113cb8b7697717a0e36664b167
1000060020,BLISTER PIZARRA MAGICA 23X18CM 316D 8PC 2,1.39,8435752002415,XW00241,https://img-eu-2.freex.es/img/729/1000060020/1024x1024/33e7f9c99b669aa49352686ed3e22d7b
1000060021,BLISTER DIANA DARDO GEL 24X23CM 230A-2*2( 3PC,1.39,8435752002484,XW00248,https://img-eu-2.freex.es/img/729/1000060021/1024x1024/752d870f02520024e92ac701114be7bf
1000060022,BLISTER PISTOLA BOLA 23X16X4.2CM 6230D3+2 7PC,1.49,8435752002491,XW00249,https://img-eu-2.freex.es/img/729/1000060022/1024x1024/4e11e3e1e0a33a39a34bce0ee00d3b35
1000060042,TABLA DE SURF 41X24X2.5CM SY1074-11 1PC,3.25,8435752061771,XW06177,https://img-eu-2.freex.es/img/729/1000060042/1024x1024/34952993aaacf0337e73876e43c6721a
1000060043,TABLA DE SURF 41X24X2.5CM SY1074-5 (GCC) 1PC,2.75,8435752061795,XW06179,https://img-eu-2.freex.es/img/729/1000060043/1024x1024/862606e668ba99433fa4145d28d8803b
1000053545,AGRADO LOC SOLAR SPF 50+KID PIST 250ML,8.25,8433295073121,ROMAR9619,https://img-eu-2.freex.es/img/729/1000053545/1024x1024/422dfa7252dce0493be9ea93006a6f82
1000059392,*BOMBONA DE HELIO 13L,35.9,8436620569986,TH56998,https://img-eu-2.freex.es/img/729/1000059392/1024x1024/c1c0c68bc8f114daa6ccd86b5535e772
1000059393,*BOMBONA DE HELIO 7L,25.9,8436620569993,TH56999,https://img-eu-2.freex.es/img/729/1000059393/1024x1024/4290b981a767f2d809de52228908eb71
1000039338,*BIBERON DEC 360 ML SILICONA,2.224,8435066154022,8435066154022,https://img-eu-2.freex.es/img/729/1000039338/1024x1024/b2c496e02d32fbf5dc5238908d9d1283
1000049226,*BIBERON DEC 250 ML LATEX,2.128,8435066150048,8435066150048,https://img-eu-2.freex.es/img/729/1000049226/1024x1024/05884e3b085b519f9ae8cb598440cb67
1000039337,*BIBERON DEC 360 ML LATEX,2.224,8435066150055,8435066150055,https://img-eu-2.freex.es/img/729/1000039337/1024x1024/20fd891a7098fb30f50b19e03ec824ee
1000055031,*CARRO PORTAMALETAS 87X30X34 CM,8.15,8430540884518,8430540884518,https://img-eu-2.freex.es/img/729/1000055031/1024x1024/2d7a621bb3dbe688fe660d905c854155
1000023295,*PORTAMALETAS/MOCHILAS ALUMINIO,7.904,,8430540098885,https://img-eu-2.freex.es/img/729/1000023295/1024x1024/a3158be08a89ad87a3512a29718a6575
1000055033,**ESCALERA 2 PELDA?OS,25.92,8430540936798,8430540936798,https://img-eu-2.freex.es/img/729/1000055033/1024x1024/6bb04eeba6b7d2b0d8a0a4fc036c8317
1000055047,*CARRO PORTAMALETAS 29X27X86 CM,6.65,8445393205991,8445393205991,https://img-eu-2.freex.es/img/729/1000055047/1024x1024/034ff0ca7008cc6be07cf1a73d5ca118
1000043864,**BANDAS DELIJA 410X65MM,1.17,8414646932991,STT3299,https://img-eu-2.freex.es/img/729/1000043864/1024x1024/ce91c9dc09976663711a72e31d0d6100
1000050058,BASE DEL MARCO,165,,73536,https://img-eu-2.freex.es/img/729/1000050058/1024x1024/8ac61ff2945be67e536e26deb246bc73
1000054803,BARRA DE CORTINA 19MM 0.7-1.2M 34503,5.1,8420230627457,PU2745,https://img-eu-2.freex.es/img/729/1000054803/1024x1024/fe767e2405dfa1b7aba11fc9cf8913b0
1000037619,*[41950] BOBINA FILM MANUAL NEGRO 23",6,8435621419504,8435621419504,https://img-eu-2.freex.es/img/729/1000037619/1024x1024/79af0c4711acdcceab4daf3703ccb900
1000041406,**JAMONERO BANCO QD,8.95,8414793428590,ARC7447005,https://img-eu-2.freex.es/img/729/1000041406/1024x1024/e046c91eb634ee1a8727d9ad578a1de3
1000048822,**ESTUCHE 10 TEALIGHTS PERF SORBETE DE SA,1.26,,8428451042615,https://img-eu-2.freex.es/img/729/1000048822/1024x1024/2f2cbfdb138038be1f49b9e646ec2d0a
1000054844,SOMBRERO PESCADOR DE TELA DOBLE CAPA MILITAR (691879),1.19,8420230602157,XY0215,https://img-eu-2.freex.es/img/729/1000054844/1024x1024/47207b3fa2c20d3a96601ef09c37f9cb
1000054106,CHANCLAS DE PLAYA PE012,1.49,8435752102900,XY10290,https://img-eu-2.freex.es/img/729/1000054106/1024x1024/b1d8d8e26e6df6a3f6912760eeb51bc4
1000054315,RINONERA DE HOMBRE,2.39,8435752104423,XY10442,https://img-eu-2.freex.es/img/729/1000054315/1024x1024/5e78c517ac1d35c45386565698652ec6
1000053309,SILLA DE PLAYA 48X52X76CM 1215-1,8.39,8420230618820,XY1882,https://img-eu-2.freex.es/img/729/1000053309/1024x1024/e536ff123e9e20533a716b1afe9b7f23
1000053346,SILLA PLAYA 1215-2,8.39,8420230618837,XY1883,https://img-eu-2.freex.es/img/729/1000053346/1024x1024/901f4dd72d7e003511e36d66deb8672e
1000053310,SILLA DE PLAYA 48X52X76CM 1215-5,8.39,8420230618868,XY1886,https://img-eu-2.freex.es/img/729/1000053310/1024x1024/be3d22b481477125474f29c5734a4f56
1000053961,TABURETE DE PLAYA 25X33X37CM 1303,4.29,8420230618875,XY1887,https://img-eu-2.freex.es/img/729/1000053961/1024x1024/13b55d22ff64ddc17db0789e3e8c792d
